term,reason
и,function word
в,function word
во,function word
не,function word
что,function word
он,function word
на,function word
я,function word
с,function word
со,function word
как,function word
а,function word
то,function word
все,function word
всё,function word
она,function word
так,function word
его,function word
но,function word
да,function word
ты,function word
к,function word
у,function word
же,function word
вы,function word
за,function word
бы,function word
по,function word
только,function word
её,function word
ее,function word
мне,function word
было,function word
вот,function word
от,function word
меня,function word
ещё,function word
еще,function word
нет,function word
о,function word
из,function word
ему,function word
теперь,function word
когда,function word
даже,function word
ну,function word
вдруг,function word
ли,function word
если,function word
уже,function word
или,function word
ни,function word
быть,function word
был,function word
него,function word
до,function word
вас,function word
нибудь,function word
опять,function word
уж,function word
вам,function word
ведь,function word
там,function word
потом,function word
себя,function word
ничего,function word
ей,function word
может,function word
они,function word
тут,function word
где,function word
есть,function word
надо,function word
ней,function word
для,function word
мы,function word
тебя,function word
их,function word
чем,function word
была,function word
сам,function word
чтоб,function word
без,function word
будто,function word
чего,function word
раз,function word
тоже,function word
себе,function word
под,function word
будет,function word
тогда,function word
кто,function word
этот,function word
того,function word
потому,function word
этого,function word
какой,function word
совсем,function word
ним,function word
здесь,function word
этом,function word
один,function word
почти,function word
мой,function word
тем,function word
чтобы,function word
неё,function word
нее,function word
сейчас,function word
были,function word
куда,function word
зачем,function word
всех,function word
никогда,function word
можно,function word
при,function word
наконец,function word
два,function word
об,function word
другой,function word
хоть,function word
после,function word
над,function word
больше,function word
тот,function word
через,function word
эти,function word
нас,function word
про,function word
всего,function word
них,function word
какая,function word
много,function word
разве,function word
три,function word
эту,function word
моя,function word
впрочем,function word
хорошо,function word
свою,function word
этой,function word
перед,function word
иногда,function word
лучше,function word
чуть,function word
том,function word
нельзя,function word
такой,function word
им,function word
более,function word
всегда,function word
конечно,function word
всю,function word
между,function word
это,function word
эта,function word
эту,function word
которые,function word
который,function word
которая,function word
которых,function word
которого,function word
которой,function word
котором,function word
свои,function word
свой,function word
своих,function word
своей,function word
своего,function word
были,function word
быть,function word
есть,function word
нас,function word
вами,function word
нами,function word
ими,function word
таких,function word
такие,function word
такое,function word
тому,function word
этим,function word
этими,function word
этих,function word
всем,function word
всеми,function word
всё,function word
лишь,function word
пока,function word
затем,function word
именно,function word
также,function word
однако,function word
поэтому,function word
причём,function word
причем,function word
пусть,function word
будто,function word
словно,function word
против,function word
около,function word
среди,function word
кроме,function word
вместе,function word
вместо,function word
через,function word
из-за,function word
из-под,function word
несмотря,function word
благодаря,function word
подписке,channel boilerplate
подписка,channel boilerplate
подписки,channel boilerplate
подписку,channel boilerplate
дайджест,channel boilerplate
дайджесты,channel boilerplate
донат,channel boilerplate
донаты,channel boilerplate
реквизиты,channel boilerplate
бусти,channel boilerplate
boosty,channel boilerplate
feedback,channel boilerplate
bot,channel boilerplate
рассылка,channel boilerplate
рассылку,channel boilerplate
рассылки,channel boilerplate
whatsapp,channel boilerplate
youtube,channel boilerplate
english,channel boilerplate
version,channel boilerplate
прислать,channel boilerplate
подписаться,channel boilerplate
подписывайтесь,channel boilerplate
подписывайся,channel boilerplate
подписка,channel boilerplate
читайте,channel boilerplate
читать,channel boilerplate
подробнее,channel boilerplate
подробности,channel boilerplate
далее,channel boilerplate
ссылка,channel boilerplate
источник,channel boilerplate
фото,channel boilerplate
видео,channel boilerplate
телеграм,channel boilerplate
telegram,channel boilerplate
https,channel boilerplate
http,channel boilerplate
www,channel boilerplate
com,channel boilerplate
org,channel boilerplate
the,latin function word
and,latin function word
for,latin function word
with,latin function word
that,latin function word
this,latin function word
from,latin function word
