source,rows,min_date,max_date,rows_with_summary,rows_with_raw_message,rows_with_embedding,rows_with_views,rows_with_forwards,rows_in_msi,rows_in_mac,rows_in_old,rows_only_in_collected_work_data
tass_agency,280031,"2020-06-18 17:25:37+00:00",2025-04-02T18:15:01+00:00,280029,9806,9806,280031,278514,278514,0,278514,1517
rian_ru,245903,"2020-01-01 01:13:05+00:00",2025-04-02T17:50:21+00:00,245903,7904,7904,245903,245078,0,245078,0,825
solovievlive,234592,"2020-01-01 06:59:00+00:00",2025-04-02T16:55:06+00:00,234463,4949,4949,234504,233346,233434,0,233434,1158
rt_russian,184360,"2020-01-01 06:29:35+00:00",2025-04-02T16:55:26+00:00,184350,6225,6225,184359,183603,0,183604,0,756
izvestia,141347,"2020-07-16 09:46:20+00:00",2025-04-02T16:53:23+00:00,141347,6089,6089,141347,140628,0,140628,0,719
vestiru24,132662,"2018-04-16 09:34:40+00:00",2025-04-02T18:35:20+00:00,132646,7291,7291,132651,130868,130879,0,130879,1783
rentv_news,132032,"2020-07-20 07:34:08+00:00",2025-04-02T16:55:51+00:00,132032,5667,5667,131991,130115,130156,0,130156,1876
zvezdanews,124889,"2019-12-31 23:47:47+00:00",2025-04-02T18:41:21+00:00,124886,1825,1825,124884,124327,124332,0,124332,557
truekpru,120313,"2019-12-31 21:01:47+00:00",2025-04-02T16:47:53+00:00,120293,2573,2573,120313,119661,119661,0,119661,652
aifonline,109107,"2020-01-01 06:56:15+00:00",2025-04-02T17:55:01+00:00,108767,6027,6027,109107,108364,0,108364,0,743
rgrunews,102916,"2020-01-01 08:38:36+00:00",2025-04-02T18:41:07+00:00,102916,3516,3516,102916,102446,0,102446,0,470
rbc_news,96952,"2019-12-31 16:16:58+00:00",2025-04-02T19:08:01+00:00,96947,3246,3246,96952,96358,96358,0,96358,594
lentadnya,89415,"2020-01-01 08:05:35+00:00",2025-04-02T19:13:43+00:00,89404,2572,2572,89415,89125,0,89125,0,290
uranews,88618,"2019-12-31 16:32:38+00:00",2025-04-02T18:39:56+00:00,88615,2068,2068,88616,87771,87773,0,87773,845
meduzalive,87153,"2019-12-31 17:12:13+00:00",2025-04-02T16:56:51+00:00,87118,2794,2794,87149,86361,86365,0,86365,788
riafan,83455,"2019-12-31 09:40:51+00:00","2023-06-29 11:40:16+00:00",83455,0,0,83455,83455,83455,0,83455,0
readovkanews,79401,"2019-12-31 21:04:39+00:00",2025-04-02T17:25:59+00:00,79401,1811,1811,79399,79135,79137,0,79137,264
tsargradtv,79163,"2020-01-02 13:02:52+00:00",2025-04-02T17:48:38+00:00,79158,3283,3283,79162,78791,0,78792,0,371
ntvnews,76467,"2020-01-01 09:34:58+00:00",2025-04-02T18:06:53+00:00,76463,2897,2897,76467,76178,0,76178,0,289
mk_ru,71977,"2019-12-31 11:19:35+00:00",2025-04-02T16:54:40+00:00,71976,3083,3083,71977,70675,70675,0,70675,1302
sotaproject,66996,"2020-06-05 14:51:26+00:00","2025-03-25 23:10:54+00:00",66950,0,0,66996,66996,66996,0,66996,0
radiosvoboda,65663,"2019-12-30 17:00:06+00:00",2025-04-02T18:40:28+00:00,65662,3002,3002,65663,65141,65141,0,65141,522
bbcrussian,65131,"2020-01-01 14:48:51+00:00",2025-04-02T18:04:00+00:00,65125,2248,2248,65131,64880,0,64880,0,251
forbesrussia,63623,"2020-01-01 08:47:05+00:00",2025-04-02T19:16:14+00:00,63623,2246,2246,63623,63336,0,63336,0,287
kommersant,63541,"2020-01-01 10:12:27+00:00",2025-04-02T16:56:52+00:00,63539,2713,2713,63541,63236,0,63236,0,305
voenacher,51238,"2020-09-27 20:50:13+00:00",2025-04-02T16:46:12+00:00,51230,44069,44069,51237,50439,50443,0,50443,795
rybar,47639,"2019-12-31 23:44:26+00:00",2025-04-02T16:29:02+00:00,47637,1351,1351,47632,46731,46738,0,46738,901
ural56ru,47548,"2020-01-01 04:51:31+00:00","2025-03-26 03:03:36+00:00",47548,0,0,47548,47548,47548,0,47548,0
vedomosti,47483,"2019-12-31 13:38:08+00:00",2025-04-02T17:00:30+00:00,47483,10903,465,47483,47109,47109,0,47109,374
interfaxonline,44828,"2020-01-01 16:36:40+00:00",2025-04-02T16:54:06+00:00,44828,2132,2132,44828,44592,0,44592,0,236
fontankaspb,44816,"2020-01-01 12:53:53+00:00",2025-04-02T16:50:19+00:00,44814,2290,2290,44816,44394,0,44394,0,422
bfmnews,41678,"2020-01-02 11:42:45+00:00",2025-04-02T18:48:58+00:00,41676,1996,1996,41678,41467,0,41467,0,211
gazetaru,41553,"2020-01-04 15:56:23+00:00",2025-04-02T16:54:25+00:00,41553,2377,2377,41553,41301,0,41301,0,252
news_1tv,39602,"2018-04-16 11:31:51+00:00",2025-04-02T16:35:43+00:00,39602,11448,11448,39594,36370,36382,0,36382,3220
novaya_pishet,38078,"2019-12-31 19:30:12+00:00",2025-04-02T17:05:06+00:00,38072,1053,1053,38078,37544,37544,0,37544,534
breakingmash,38035,"2019-12-31 21:01:55+00:00",2025-04-02T17:59:36+00:00,38035,1223,1223,38021,37759,37773,0,37773,262
dw_de_news,36140,"2022-01-26 16:00:10+00:00","2025-03-26 22:01:25+00:00",36140,0,0,36140,36140,0,36140,0,0
tvrussia1,35581,"2022-03-14 08:29:13+00:00",2025-04-02T18:20:22+00:00,35581,2279,2279,35581,35380,0,35380,0,201
ve4ved,35571,"2019-12-31 13:18:13+00:00","2025-03-25 15:12:02+00:00",23307,0,0,35571,35571,35571,0,35571,0
novaya_europe,33084,"2022-04-07 09:01:41+00:00",2025-04-02T19:02:15+00:00,33075,1907,1907,33084,32339,32339,0,32339,745
svpressaru,31689,"2019-12-31 17:30:02+00:00",2025-04-02T18:00:35+00:00,31688,3675,3675,31689,31144,31144,0,31144,545
sashakots,30956,"2019-12-31 18:03:18+00:00",2025-04-02T18:04:16+00:00,30954,811,811,30954,30838,30840,0,30840,116
theinsider,25455,"2019-12-31 15:35:51+00:00","2025-03-25 20:24:02+00:00",25455,0,0,25455,25455,25455,0,25455,0
politica_media,25058,"2022-03-10 12:23:09+00:00","2025-03-25 16:56:25+00:00",24979,0,0,25058,25058,25058,0,25058,0
thebell_io,24751,"2019-12-31 15:15:53+00:00",2025-04-02T18:21:34+00:00,24750,768,768,24750,24577,24578,0,24578,173
bazabazon,23361,"2019-12-31 13:04:29+00:00","2025-03-24 18:28:25+00:00",23361,0,0,23356,23356,23361,0,23361,0
rusvesnasu,17176,"2019-12-31 18:49:44+00:00",2025-04-02T17:26:16+00:00,17173,138,138,17176,17145,17145,0,17145,31
vysokygovorit,15654,"2020-08-12 20:27:24+00:00",2025-04-02T18:01:00+00:00,15653,450,450,15645,15560,15569,0,15569,85
mediazzzona,15232,"2020-01-02 08:49:30+00:00",2025-04-02T18:04:24+00:00,15227,3435,3435,15232,15095,0,15095,0,137
vladlentatarsky,15084,"2019-12-31 18:03:41+00:00","2025-03-25 10:46:49+00:00",15077,0,0,15078,15078,15084,0,15084,0
kontext_channel,12776,"2024-03-05 05:15:01+00:00",2025-04-02T18:17:42+00:00,12776,2011,2011,12776,12476,12476,0,12476,300
margaritasimonyan,8156,"2020-01-01 14:21:22+00:00",2025-04-02T16:02:35+00:00,8152,58,58,8156,8136,0,8136,0,20
perm36,7148,"2021-12-19 10:25:39+00:00","2025-03-25 15:01:28+00:00",7146,0,0,7148,7148,7148,0,7148,0
tomskpolit,7045,"2019-12-31 20:25:17+00:00","2025-03-22 01:37:13+00:00",7040,0,0,7045,7045,7045,0,7045,0
istories_media,6873,"2020-04-30 07:06:18+00:00","2025-03-26 19:09:18+00:00",6868,0,0,6873,6873,0,6873,0,0
strelkovii,6354,"2020-05-03 08:04:14+00:00",2025-03-29T13:22:16+00:00,6353,41,41,6354,6350,6350,0,6350,4
vvgladkov,6170,"2020-12-01 20:07:17+00:00","2025-03-26 03:19:00+00:00",6170,0,0,6170,6170,6170,0,6170,0
nackepelo,5677,"2019-12-31 22:34:56+00:00","2025-03-25 15:10:39+00:00",5668,0,0,5677,5677,5677,0,5677,0
omsk_ogo,5300,"2021-07-21 12:16:32+00:00","2025-03-25 18:52:46+00:00",5298,0,0,5300,5300,5300,0,5300,0
rezonans_media,5146,"2019-12-30 17:26:37+00:00","2025-03-01 17:04:55+00:00",5138,0,0,5146,5146,5146,0,5146,0
vornadzor,4737,"2019-12-28 14:18:54+00:00","2025-03-25 13:23:20+00:00",4734,0,0,4737,4737,4737,0,4737,0
tmn_bgregion72,4643,"2019-12-30 10:05:19+00:00","2025-03-26 01:35:05+00:00",4642,0,0,4643,4643,4643,0,4643,0
nsk2020ru,4451,"2020-05-28 09:35:33+00:00","2025-03-25 11:05:34+00:00",4413,0,0,4451,4451,4451,0,4451,0
udmprotivcor,4350,"2019-12-31 21:05:43+00:00","2025-03-25 16:32:52+00:00",4349,0,0,4350,4350,4350,0,4350,0
svobodnieslova,4102,"2022-03-12 12:57:38+00:00","2025-03-25 18:00:02+00:00",4102,0,0,4102,4102,4102,0,4102,0
pskovred,3878,"2021-12-31 12:27:39+00:00","2024-12-31 17:15:04+00:00",3877,0,0,3878,3878,3878,0,3878,0
podvigpress,3457,"2022-03-02 15:02:14+00:00","2025-03-25 19:29:21+00:00",3457,0,0,3457,3457,3457,0,3457,0
protokol_band,3073,"2020-01-27 11:48:54+00:00","2025-03-24 15:03:01+00:00",3063,0,0,3073,3073,3073,0,3073,0
vashdozor,3059,"2021-08-25 09:11:46+00:00","2025-03-25 13:38:29+00:00",3059,0,0,3059,3059,3059,0,3059,0
ylatynina,2989,"2022-02-24 16:57:58+00:00","2025-03-25 17:24:08+00:00",2743,0,0,2989,2989,2989,0,2989,0
znakcity,2948,"2021-08-25 19:54:42+00:00","2025-03-25 08:19:30+00:00",2948,0,0,2948,2948,2948,0,2948,0
ochevidcy,2538,"2022-06-01 11:36:37+00:00","2025-03-25 11:46:44+00:00",2538,0,0,2538,2538,2538,0,2538,0
sorokinhvost,2159,"2020-01-05 19:41:17+00:00","2025-03-25 13:20:53+00:00",2159,0,0,2159,2159,2159,0,2159,0
tvc_ru,2147,"2024-11-07 11:22:17+00:00",2025-04-02T18:02:14+00:00,2147,2147,2147,2147,1,1,0,1,2146
prigozhin_hat,1907,"2019-12-20 16:07:12+00:00","2025-02-19 16:07:34+00:00",1906,0,0,1907,1907,1907,0,1907,0
wejournal,1230,"2022-03-28 18:34:17+00:00","2024-08-28 08:54:13+00:00",1230,0,0,1230,1230,1230,0,1230,0
protokol_samara,1124,"2022-06-05 16:32:44+00:00","2025-01-28 15:25:15+00:00",1123,0,0,1124,1124,1124,0,1124,0
concordgroup_official,1019,"2022-11-05 15:49:12+00:00","2023-08-29 14:20:14+00:00",1019,0,0,1019,1019,0,1019,0,0
tsibirevdmitry,967,"2021-04-05 13:29:59+00:00","2025-03-21 15:49:14+00:00",967,0,0,967,967,967,0,967,0
rerussia_org,950,"2022-06-02 14:57:08+00:00",2025-04-02T16:33:29+00:00,950,28,28,950,944,944,0,944,6
orlec,870,"2019-12-31 11:57:25+00:00","2025-03-23 12:06:43+00:00",869,0,0,870,870,870,0,870,0
protokol_tver,807,"2023-02-16 16:31:29+00:00","2024-09-08 14:49:04+00:00",807,0,0,807,807,807,0,807,0
sopka_media,566,"2022-11-23 09:53:36+00:00","2025-03-25 06:41:23+00:00",566,0,0,566,566,566,0,566,0
lifenews,1,"2024-12-02 07:59:22+00:00","2024-12-02 07:59:22+00:00",1,1,1,1,1,0,1,0,0
