month,rows,sources,rows_with_summary,rows_with_raw_message,rows_with_embedding,rows_in_msi,rows_in_mac,rows_in_old,rows_only_in_collected_work_data
2018-04,2,2,1,0,0,2,0,2,0
2019-12,29,29,28,0,0,29,0,29,0
2020-01,20056,49,19262,0,0,12982,7074,12982,0
2020-02,19058,49,18215,0,0,11832,7226,11832,0
2020-03,29815,49,28860,0,0,17199,12616,17199,0
2020-04,32547,50,31610,0,0,17183,15364,17183,0
2020-05,29635,52,28773,0,0,16816,12819,16816,0
2020-06,30361,56,29382,0,0,18448,11913,18448,0
2020-07,32619,58,31567,0,0,21745,10874,21745,0
2020-08,45625,59,44557,0,0,30325,15300,30325,0
2020-09,39396,60,38250,0,0,26258,13138,26258,0
2020-10,42308,60,41383,0,0,26663,15645,26663,0
2020-11,41401,60,40465,0,0,26563,14838,26563,0
2020-12,40423,61,39401,0,0,26179,14244,26179,0
2021-01,42815,61,42021,0,0,29135,13680,29135,0
2021-02,40561,61,40551,0,0,26545,14016,26545,0
2021-03,39027,61,39020,0,0,24609,14418,24609,0
2021-04,45989,62,45984,0,0,29619,16370,29619,0
2021-05,43674,58,43668,0,0,28403,15271,28403,0
2021-06,48548,59,48541,0,0,30492,18056,30492,0
2021-07,46940,61,46931,0,0,29466,17474,29466,0
2021-08,47022,62,47012,0,0,30423,16599,30423,0
2021-09,48621,65,48608,0,0,31629,16992,31629,0
2021-10,48227,65,48222,0,0,30923,17304,30923,0
2021-11,48224,65,48219,0,0,31283,16941,31283,0
2021-12,51912,67,51905,187,187,33115,18797,33115,0
2022-01,53478,67,53477,583,583,33630,19846,33630,2
2022-02,82261,69,82248,1559,1559,52781,29473,52781,7
2022-03,114823,74,114784,2125,2125,73302,41487,73302,34
2022-04,94941,75,94907,1992,1992,60968,33959,60968,14
2022-05,90494,74,90477,2225,2225,59085,31402,59085,7
2022-06,82798,78,82771,1933,1933,53373,29421,53373,4
2022-07,73427,78,73403,1656,1656,46746,26678,46746,3
2022-08,73814,78,73810,1101,1101,46550,27263,46550,1
2022-09,84080,78,84067,1209,1209,52858,31220,52858,2
2022-10,88679,78,88675,1421,1421,55407,33270,55407,2
2022-11,76531,79,76522,1443,1443,47806,28721,47806,4
2022-12,75954,80,75923,1423,1423,47481,28471,47481,2
2023-01,66592,79,66553,1075,1075,41398,25193,41398,1
2023-02,72001,79,71969,1063,1063,44886,27114,44886,1
2023-03,77455,80,77423,1066,1066,48968,28485,48968,2
2023-04,73090,81,73074,908,908,45632,27452,45632,6
2023-05,79912,80,79891,1138,1138,50939,28969,50939,4
2023-06,86043,80,86010,1235,1235,54151,31891,54151,1
2023-07,74472,78,74418,1113,1113,45323,29145,45323,4
2023-08,71844,79,71794,1068,1068,43051,28792,43051,1
2023-09,69618,78,69550,1141,1141,41674,27943,41674,1
2023-10,78594,78,78562,1330,1330,46003,32588,46003,3
2023-11,66667,79,66620,983,983,37427,29212,37427,28
2023-12,65403,78,65364,981,981,37012,28350,37012,41
2024-01,62852,76,62823,844,844,36061,26754,36061,37
2024-02,64492,78,64460,915,915,36526,27951,36526,15
2024-03,82926,80,82906,1080,1080,47306,35591,47306,29
2024-04,72282,79,72269,948,948,41386,30881,41386,15
2024-05,74482,78,74468,1474,1272,41985,32474,41985,23
2024-06,69700,78,69687,3263,2107,39164,30433,39164,103
2024-07,66792,77,66789,3099,2064,37692,29040,37692,60
2024-08,71579,80,71561,3656,2610,41875,29511,41875,193
2024-09,68997,79,68972,3537,2544,40789,27868,40789,340
2024-10,69164,77,69142,3286,2279,39728,29057,39728,379
2024-11,65107,78,65082,3075,2047,36759,27892,36759,456
2024-12,69350,79,69329,3189,2107,39298,29579,39298,473
2025-01,56871,77,56852,2606,1653,30770,25717,30770,384
2025-02,63470,77,63456,56456,55397,30662,27241,30662,5567
2025-03,71714,76,71690,67010,66133,28351,26762,28351,16601
2025-04,4030,45,4030,4030,4030,0,0,0,4030
