column_name,filled_rows,missing_rows,filled_pct
source,3861614,0,100.0
message_id,3861614,0,100.0
source_names,3861614,0,100.0
collected_ids,190426,3671188,4.93
original_message,3861614,0,100.0
raw_message,190426,3671188,4.93
cleaned_message,190426,3671188,4.93
summary,3848244,13370,99.65
is_digest,3861098,516,99.99
processed_at,3832734,28880,99.25
date,3861614,0,100.0
views,3861406,208,99.99
forwards,3832519,29095,99.25
embedding,179988,3681626,4.66
embedding_processed_at,0,3861614,0.0
stance,190426,3671188,4.93
created_at,31760,3829854,0.82
source_dbs,3861614,0,100.0
